App1,App2,App3,App4,App5,CPU1,CPU2,CPU3,CPU4,read_bytes,write_bytes,bytes_sent,bytes_recv
0,0,0,0,0,0,0,0,0,0,0,0,0
0,0,0,0,0,0,0,0,0,0,0,0,0
0,0,0,0,0,0,0,0,0,0,0,0,0
0,0,0,0,0,0,0,0,0,0,0,0,0
0,0,0,0,0,0,0,0,0,0,0,0,0
0,0,0,0,0,0,0,0,0,0,0,0,0
0,0,0,0,0,0,0,0,0,0,0,0,0
0,0,0,0,0,0,0,0,0,0,0,0,0
0,0,0,0,0,0,0,0,0,0,0,0,0
0,0,0,0,0,0,0,0,0,0,0,0,0
0,0,0,0,0,0,0,0,0,0,0,0,0
0,0,0,0,0,0,0,0,0,0,0,0,0
0,0,0,0,0,0,0,0,0,0,0,0,0
0,0,0,0,0,0,0,0,0,0,0,0,0
0,0,0,0,0,0,0,0,0,0,0,0,0
0,0,0,0,0,0,0,0,0,0,0,0,0
0,0,0,0,0,0,0,0,0,0,0,0,0
0,0,0,0,0,0,0,0,0,0,0,0,0
0,0,0,0,0,0,0,0,0,0,0,0,0
0,0,0,0,0,0,0,0,0,0,0,0,0
0,0,0,0,0,0,0,0,0,0,0,0,0
0,0,0,0,0,0,0,0,0,0,0,0,0
0,0,0,0,0,0,0,0,0,0,0,0,0
0,0,0,0,0,0,0,0,0,0,0,0,0
0,0,0,0,0,0,0,0,0,0,0,0,0
0,0,0,0,0,0,0,0,0,0,0,0,0
0,0,0,0,0,0,0,0,0,0,0,0,0
0,0,0,0,0,0,0,0,0,0,0,0,0
0,0,0,0,0,0,0,0,0,0,0,0,0
0,0,0,0,0,0,0,0,0,0,0,0,0
0,0,0,0,0,0,0,0,0,0,0,0,0
0,0,0,0,0,0,0,0,0,0,0,0,0
0,0,0,0,0,0,0,0,0,0,0,0,0
0,0,0,0,0,0,0,0,0,0,0,0,0
0,0,0,0,0,0,0,0,0,0,0,0,0
0,0,0,0,0,0,0,0,0,0,0,0,0
0,0,0,0,0,0,0,0,0,0,0,0,0
0,0,0,0,0,0,0,0,0,0,0,0,0
0,0,0,0,0,0,0,0,0,0,0,0,0
0,0,0,0,0,0,0,0,0,0,0,0,0
1,0,0,0,0,0,0,0,0,0,0,0,0
1,0,0,0,0,0,0,0,0,0,0,0,0
1,0,0,0,0,0,0,0,0,0,0,0,0
1,0,0,0,0,0,0,0,0,0,0,0,0
1,0,0,0,0,0,0,0,0,0,0,0,0
1,0,0,0,0,0,0,0,0,0,0,0,0
1,0,0,0,0,0,0,0,0,0,0,0,0
1,0,0,0,0,0,0,0,0,0,0,0,0
1,0,0,0,0,0,0,0,0,0,0,0,0
1,0,0,0,0,0,0,0,0,0,0,0,0
1,0,0,0,0,0,0,0,0,0,0,0,0
1,0,0,0,0,0,0,0,0,0,0,0,0
1,0,0,0,0,0,0,0,0,0,0,0,0
1,0,0,0,0,0,0,0,0,0,0,0,0
1,0,0,0,0,0,0,0,0,0,0,0,0
1,0,0,0,0,0,0,0,0,0,0,0,0
1,0,0,0,0,0,0,0,0,0,0,0,0
1,0,0,0,0,0,0,0,0,0,0,0,0
1,0,0,0,0,0,0,0,0,0,0,0,0
1,0,0,0,0,0,0,0,0,0,0,0,0
1,0,0,0,0,0,0,0,0,0,0,0,0
1,0,0,0,0,0,0,0,0,0,0,0,0
1,0,0,0,0,0,0,0,0,0,0,0,0
1,0,0,0,0,0,0,0,0,0,0,0,0
1,0,0,0,0,0,0,0,0,0,0,0,0
1,0,0,0,0,0,0,0,0,0,0,0,0
1,0,0,0,0,0,0,0,0,0,0,0,0
1,0,0,0,0,0,0,0,0,0,0,0,0
1,0,0,0,0,0,0,0,0,0,0,0,0
1,0,0,0,0,0,0,0,0,0,0,0,0
1,0,0,0,0,0,0,0,0,0,0,0,0
1,0,0,0,0,0,0,0,0,0,0,0,0
1,0,0,0,0,0,0,0,0,0,0,0,0
1,0,0,0,0,0,0,0,0,0,0,0,0
1,0,0,0,0,0,0,0,0,0,0,0,0
1,0,0,0,0,0,0,0,0,0,0,0,0
1,0,0,0,0,0,0,0,0,0,0,0,0
1,0,0,0,0,0,0,0,0,0,0,0,0
1,0,0,0,0,0,0,0,0,0,0,0,0
1,0,0,0,0,0,0,0,0,0,0,0,0
1,0,0,0,0,0,0,0,0,0,0,0,0
1,0,0,0,0,0,0,0,0,0,0,0,0
1,0,0,0,0,0,0,0,0,0,0,0,0
1,0,0,0,0,0,0,0,0,0,0,0,0
1,0,0,0,0,0,0,0,0,0,0,0,0
1,0,0,0,0,0,0,0,0,0,0,0,0
1,0,0,0,0,0,0,0,0,0,0,0,0
1,0,0,0,0,0,0,0,0,0,0,0,0
1,0,0,0,0,0,0,0,0,0,0,0,0
1,0,0,0,0,0,0,0,0,0,0,0,0
1,0,0,0,0,0,0,0,0,0,0,0,0
1,0,0,0,0,0,0,0,0,0,0,0,0
1,0,0,0,0,0,0,0,0,0,0,0,0
1,0,0,0,0,0,0,0,0,0,0,0,0
1,0,0,0,0,0,0,0,0,0,0,0,0
1,0,0,0,0,0,0,0,0,0,0,0,0
1,0,0,0,0,0,0,0,0,0,0,0,0
1,0,0,0,0,0,0,0,0,0,0,0,0
1,0,0,0,0,0,0,0,0,0,0,0,0
1,0,0,0,0,0,0,0,0,0,0,0,0
1,0,0,0,0,0,0,0,0,0,0,0,0
1,0,0,0,0,0,0,0,0,0,0,0,0
1,0,0,0,0,0,0,0,0,0,0,0,0
1,0,0,0,0,0,0,0,0,0,0,0,0
1,0,0,0,0,0,0,0,0,0,0,0,0
1,0,0,0,0,0,0,0,0,0,0,0,0
1,0,0,0,0,0,0,0,0,0,0,0,0
1,0,0,0,0,0,0,0,0,0,0,0,0
1,0,0,0,0,0,0,0,0,0,0,0,0
1,0,0,0,0,0,0,0,0,0,0,0,0
1,0,0,0,0,0,0,0,0,0,0,0,0
1,0,0,0,0,0,0,0,0,0,0,0,0
1,0,0,0,0,0,0,0,0,0,0,0,0
1,0,0,0,0,0,0,0,0,0,0,0,0
1,0,0,0,0,0,0,0,0,0,0,0,0
1,0,0,0,0,0,0,0,0,0,0,0,0
1,0,0,0,0,0,0,0,0,0,0,0,0
1,0,0,0,0,0,0,0,0,0,0,0,0
1,0,0,0,0,0,0,0,0,0,0,0,0
1,0,0,0,0,0,0,0,0,0,0,0,0
1,0,0,0,0,0,0,0,0,0,0,0,0
1,0,0,0,0,0,0,0,0,0,0,0,0
1,0,0,0,0,0,0,0,0,0,0,0,0
1,0,0,0,0,0,0,0,0,0,0,0,0
1,0,0,0,0,0,0,0,0,0,0,0,0
1,0,0,0,0,0,0,0,0,0,0,0,0
1,0,0,0,0,0,0,0,0,0,0,0,0
1,0,0,0,0,0,0,0,0,0,0,0,0
1,0,0,0,0,0,0,0,0,0,0,0,0
1,0,0,0,0,0,0,0,0,0,0,0,0
1,0,0,0,0,0,0,0,0,0,0,0,0
1,0,0,0,0,0,0,0,0,0,0,0,0
1,0,0,0,0,0,0,0,0,0,0,0,0
1,0,0,0,0,0,0,0,0,0,0,0,0
1,0,0,0,0,0,0,0,0,0,0,0,0
1,0,0,0,0,0,0,0,0,0,0,0,0
1,0,0,0,0,0,0,0,0,0,0,0,0
1,0,0,0,0,0,0,0,0,0,0,0,0
1,0,0,0,0,0,0,0,0,0,0,0,0
1,0,0,0,0,0,0,0,0,0,0,0,0
1,0,0,0,0,0,0,0,0,0,0,0,0
1,0,0,0,0,0,0,0,0,0,0,0,0
1,0,0,0,0,0,0,0,0,0,0,0,0
1,0,0,0,0,0,0,0,0,0,0,0,0
1,0,0,0,0,0,0,0,0,0,0,0,0
1,0,0,0,0,0,0,0,0,0,0,0,0
1,0,0,0,0,0,0,0,0,0,0,0,0
1,0,0,0,0,0,0,0,0,0,0,0,0
1,0,0,0,0,0,0,0,0,0,0,0,0
1,0,0,0,0,0,0,0,0,0,0,0,0
1,0,0,0,0,0,0,0,0,0,0,0,0
1,0,0,0,0,0,0,0,0,0,0,0,0
1,0,0,0,0,0,0,0,0,0,0,0,0
1,0,0,0,0,0,0,0,0,0,0,0,0
1,0,0,0,0,0,0,0,0,0,0,0,0
1,0,0,0,0,0,0,0,0,0,0,0,0
1,0,0,0,0,0,0,0,0,0,0,0,0
1,0,0,0,0,0,0,0,0,0,0,0,0
1,0,0,0,0,0,0,0,0,0,0,0,0
1,0,0,0,0,0,0,0,0,0,0,0,0
1,0,0,0,0,0,0,0,0,0,0,0,0
1,0,0,0,0,0,0,0,0,0,0,0,0
1,0,0,0,0,0,0,0,0,0,0,0,0
1,0,0,0,0,0,0,0,0,0,0,0,0
1,0,0,0,0,0,0,0,0,0,0,0,0
1,0,0,0,0,0,0,0,0,0,0,0,0
1,0,0,0,0,0,0,0,0,0,0,0,0
1,0,0,0,0,0,0,0,0,0,0,0,0
1,0,0,0,0,0,0,0,0,0,0,0,0
1,0,0,0,0,0,0,0,0,0,0,0,0
1,0,0,0,0,0,0,0,0,0,0,0,0
1,0,0,0,0,0,0,0,0,0,0,0,0
1,0,0,0,0,0,0,0,0,0,0,0,0
1,0,0,0,0,0,0,0,0,0,0,0,0
1,0,0,0,0,0,0,0,0,0,0,0,0
1,0,0,0,0,0,0,0,0,0,0,0,0
1,0,0,0,0,0,0,0,0,0,0,0,0
1,0,0,0,0,0,0,0,0,0,0,0,0
1,0,0,0,0,0,0,0,0,0,0,0,0
1,0,0,0,0,0,0,0,0,0,0,0,0
1,0,0,0,0,0,0,0,0,0,0,0,0
1,0,0,0,0,0,0,0,0,0,0,0,0
1,0,0,0,0,0,0,0,0,0,0,0,0
1,0,0,0,0,0,0,0,0,0,0,0,0
1,0,0,0,0,0,0,0,0,0,0,0,0
1,0,0,0,0,0,0,0,0,0,0,0,0
1,0,0,0,0,0,0,0,0,0,0,0,0
1,0,0,0,0,0,0,0,0,0,0,0,0
1,0,0,0,0,0,0,0,0,0,0,0,0
1,0,0,0,0,0,0,0,0,0,0,0,0
1,0,0,0,0,0,0,0,0,0,0,0,0
1,0,0,0,0,0,0,0,0,0,0,0,0
1,0,0,0,0,0,0,0,0,0,0,0,0
1,0,0,0,0,0,0,0,0,0,0,0,0
1,0,0,0,0,0,0,0,0,0,0,0,0
1,0,0,0,0,0,0,0,0,0,0,0,0
1,0,0,0,0,0,0,0,0,0,0,0,0
1,0,0,0,0,0,0,0,0,0,0,0,0
1,0,0,0,0,0,0,0,0,0,0,0,0
1,0,0,0,0,0,0,0,0,0,0,0,0
1,0,0,0,0,0,0,0,0,0,0,0,0
1,0,0,0,0,0,0,0,0,0,0,0,0
1,0,0,0,0,0,0,0,0,0,0,0,0
1,0,0,0,0,0,0,0,0,0,0,0,0
1,0,0,0,0,0,0,0,0,0,0,0,0
1,0,0,0,0,0,0,0,0,0,0,0,0
1,0,0,0,0,0,0,0,0,0,0,0,0
1,0,0,0,0,0,0,0,0,0,0,0,0
1,0,0,0,0,0,0,0,0,0,0,0,0
1,0,0,0,0,0,0,0,0,0,0,0,0
1,0,0,0,0,0,0,0,0,0,0,0,0
1,0,0,0,0,0,0,0,0,0,0,0,0
1,0,0,0,0,0,0,0,0,0,0,0,0
1,0,0,0,0,0,0,0,0,0,0,0,0
1,0,0,0,0,0,0,0,0,0,0,0,0
1,0,0,0,0,0,0,0,0,0,0,0,0
1,0,0,0,0,0,0,0,0,0,0,0,0
1,0,0,0,0,0,0,0,0,0,0,0,0
1,0,0,0,0,0,0,0,0,0,0,0,0
1,0,0,0,0,0,0,0,0,0,0,0,0
1,0,0,0,0,0,0,0,0,0,0,0,0
1,0,0,0,0,0,0,0,0,0,0,0,0
1,0,0,0,0,0,0,0,0,0,0,0,0
1,0,0,0,0,0,0,0,0,0,0,0,0
1,0,0,0,0,0,0,0,0,0,0,0,0
1,0,0,0,0,0,0,0,0,0,0,0,0
1,0,0,0,0,0,0,0,0,0,0,0,0
1,0,0,0,0,0,0,0,0,0,0,0,0
1,0,0,0,0,0,0,0,0,0,0,0,0
1,0,0,0,0,0,0,0,0,0,0,0,0
1,0,0,0,0,0,0,0,0,0,0,0,0
1,0,0,0,0,0,0,0,0,0,0,0,0
1,0,0,0,0,0,0,0,0,0,0,0,0
1,0,0,0,0,0,0,0,0,0,0,0,0
1,0,0,0,0,0,0,0,0,0,0,0,0
1,0,0,0,0,0,0,0,0,0,0,0,0
1,0,0,0,0,0,0,0,0,0,0,0,0
1,0,0,0,0,0,0,0,0,0,0,0,0
1,0,0,0,0,0,0,0,0,0,0,0,0
1,0,0,0,0,0,0,0,0,0,0,0,0
1,0,0,0,0,0,0,0,0,0,0,0,0
1,0,0,0,0,0,0,0,0,0,0,0,0
1,0,0,0,0,0,0,0,0,0,0,0,0
1,0,0,0,0,0,0,0,0,0,0,0,0
1,0,0,0,0,0,0,0,0,0,0,0,0
1,0,0,0,0,0,0,0,0,0,0,0,0
1,0,0,0,0,0,0,0,0,0,0,0,0
1,0,0,0,0,0,0,0,0,0,0,0,0
1,0,0,0,0,0,0,0,0,0,0,0,0
1,0,0,0,0,0,0,0,0,0,0,0,0
1,0,0,0,0,0,0,0,0,0,0,0,0
1,0,0,0,0,0,0,0,0,0,0,0,0
1,0,0,0,0,0,0,0,0,0,0,0,0
1,0,0,0,0,0,0,0,0,0,0,0,0
1,0,0,0,0,0,0,0,0,0,0,0,0
1,0,0,0,0,0,0,0,0,0,0,0,0
1,0,0,0,0,0,0,0,0,0,0,0,0
1,0,0,0,0,0,0,0,0,0,0,0,0
1,0,0,0,0,0,0,0,0,0,0,0,0
1,0,0,0,0,0,0,0,0,0,0,0,0
1,0,0,0,0,0,0,0,0,0,0,0,0
1,0,0,0,0,0,0,0,0,0,0,0,0
1,0,0,0,0,0,0,0,0,0,0,0,0
1,0,0,0,0,0,0,0,0,0,0,0,0
1,0,0,0,0,0,0,0,0,0,0,0,0
1,0,0,0,0,0,0,0,0,0,0,0,0
1,0,0,0,0,0,0,0,0,0,0,0,0
1,0,0,0,0,0,0,0,0,0,0,0,0
1,0,0,0,0,0,0,0,0,0,0,0,0
1,0,0,0,0,0,0,0,0,0,0,0,0
1,0,0,0,0,0,0,0,0,0,0,0,0
1,0,0,0,0,0,0,0,0,0,0,0,0
1,0,0,0,0,0,0,0,0,0,0,0,0
1,0,0,0,0,0,0,0,0,0,0,0,0
1,0,0,0,0,0,0,0,0,0,0,0,0
1,0,0,0,0,0,0,0,0,0,0,0,0
1,0,0,0,0,0,0,0,0,0,0,0,0
1,0,0,0,0,0,0,0,0,0,0,0,0
1,0,0,0,0,0,0,0,0,0,0,0,0
1,0,0,0,0,0,0,0,0,0,0,0,0
1,0,0,0,0,0,0,0,0,0,0,0,0
1,0,0,0,0,0,0,0,0,0,0,0,0
1,0,0,0,0,0,0,0,0,0,0,0,0
1,0,0,0,0,0,0,0,0,0,0,0,0
1,0,0,0,0,0,0,0,0,0,0,0,0
1,0,0,0,0,0,0,0,0,0,0,0,0
1,0,0,0,0,0,0,0,0,0,0,0,0
1,0,0,0,0,0,0,0,0,0,0,0,0
1,0,0,0,0,0,0,0,0,0,0,0,0
1,0,0,0,0,0,0,0,0,0,0,0,0
1,0,0,0,0,0,0,0,0,0,0,0,0
1,0,0,0,0,0,0,0,0,0,0,0,0
1,0,0,0,0,0,0,0,0,0,0,0,0
1,0,0,0,0,0,0,0,0,0,0,0,0
1,0,0,0,0,0,0,0,0,0,0,0,0
1,0,0,0,0,0,0,0,0,0,0,0,0
1,0,0,0,0,0,0,0,0,0,0,0,0
1,0,0,0,0,0,0,0,0,0,0,0,0
1,0,0,0,0,0,0,0,0,0,0,0,0
1,0,0,0,0,0,0,0,0,0,0,0,0
1,0,1,0,0,0,0,0,0,0,0,0,0
1,0,1,0,0,0,0,0,0,0,0,0,0
1,0,1,0,0,0,0,0,0,0,0,0,0
1,0,1,0,0,0,0,0,0,0,0,0,0
1,0,1,0,0,0,0,0,0,0,0,0,0
1,0,1,0,0,0,0,0,0,0,0,0,0
1,0,1,0,0,0,0,0,0,0,0,0,0
1,0,1,0,0,0,0,0,0,0,0,0,0
1,0,1,0,0,0,0,0,0,0,0,0,0
1,0,1,0,0,0,0,0,0,0,0,0,0
1,0,1,0,0,0,0,0,0,0,0,0,0
1,0,1,0,0,0,0,0,0,0,0,0,0
1,0,1,0,0,0,0,0,0,0,0,0,0
1,0,1,0,0,0,0,0,0,0,0,0,0
1,0,1,0,0,0,0,0,0,0,0,0,0
1,0,1,0,0,0,0,0,0,0,0,0,0
1,0,1,0,0,0,0,0,0,0,0,0,0
1,0,1,0,0,0,0,0,0,0,0,0,0
1,0,1,0,0,0,0,0,0,0,0,0,0
1,0,1,0,0,0,0,0,0,0,0,0,0
1,0,1,0,0,0,0,0,0,0,0,0,0
1,0,1,0,0,0,0,0,0,0,0,0,0
1,0,1,0,0,0,0,0,0,0,0,0,0
1,0,1,0,0,0,0,0,0,0,0,0,0
1,0,1,0,0,0,0,0,0,0,0,0,0
1,0,1,0,0,0,0,0,0,0,0,0,0
1,0,1,0,0,0,0,0,0,0,0,0,0
1,0,1,0,0,0,0,0,0,0,0,0,0
1,0,1,0,0,0,0,0,0,0,0,0,0
1,0,1,0,0,0,0,0,0,0,0,0,0
1,0,1,0,0,0,0,0,0,0,0,0,0
1,0,1,0,0,0,0,0,0,0,0,0,0
1,0,1,0,0,0,0,0,0,0,0,0,0
1,0,1,0,0,0,0,0,0,0,0,0,0
1,0,1,0,0,0,0,0,0,0,0,0,0
1,0,1,0,0,0,0,0,0,0,0,0,0
1,0,1,0,0,0,0,0,0,0,0,0,0
1,0,1,0,0,0,0,0,0,0,0,0,0
1,0,1,0,0,0,0,0,0,0,0,0,0
1,0,1,0,0,0,0,0,0,0,0,0,0
1,0,1,0,0,0,0,0,0,0,0,0,0
1,0,1,0,0,0,0,0,0,0,0,0,0
1,0,1,0,0,0,0,0,0,0,0,0,0
1,0,1,0,0,0,0,0,0,0,0,0,0
1,0,1,0,0,0,0,0,0,0,0,0,0
1,0,1,0,0,0,0,0,0,0,0,0,0
1,0,1,0,0,0,0,0,0,0,0,0,0
1,0,1,0,0,0,0,0,0,0,0,0,0
1,0,1,0,0,0,0,0,0,0,0,0,0
1,0,1,0,0,0,0,0,0,0,0,0,0
1,0,1,0,0,0,0,0,0,0,0,0,0
1,0,1,0,0,0,0,0,0,0,0,0,0
1,0,1,0,0,0,0,0,0,0,0,0,0
1,0,1,0,0,0,0,0,0,0,0,0,0
1,0,1,0,0,0,0,0,0,0,0,0,0
1,0,1,0,0,0,0,0,0,0,0,0,0
1,0,1,0,0,0,0,0,0,0,0,0,0
1,0,1,0,0,0,0,0,0,0,0,0,0
1,0,1,0,0,0,0,0,0,0,0,0,0
1,0,1,0,0,0,0,0,0,0,0,0,0
1,0,1,0,0,0,0,0,0,0,0,0,0
1,0,1,0,0,0,0,0,0,0,0,0,0
1,0,1,0,0,0,0,0,0,0,0,0,0
1,0,1,0,0,0,0,0,0,0,0,0,0
1,0,1,0,0,0,0,0,0,0,0,0,0
1,0,1,0,0,0,0,0,0,0,0,0,0
1,0,1,0,0,0,0,0,0,0,0,0,0
1,0,1,0,0,0,0,0,0,0,0,0,0
1,0,1,0,0,0,0,0,0,0,0,0,0
1,0,1,0,0,0,0,0,0,0,0,0,0
1,0,1,0,0,0,0,0,0,0,0,0,0
1,0,1,0,0,0,0,0,0,0,0,0,0
1,0,1,0,0,0,0,0,0,0,0,0,0
1,0,1,0,0,0,0,0,0,0,0,0,0
1,0,1,0,0,0,0,0,0,0,0,0,0
1,0,1,0,0,0,0,0,0,0,0,0,0
1,0,1,0,0,0,0,0,0,0,0,0,0
1,0,1,0,0,0,0,0,0,0,0,0,0
1,0,1,0,0,0,0,0,0,0,0,0,0
1,0,1,0,0,0,0,0,0,0,0,0,0
1,0,1,0,0,0,0,0,0,0,0,0,0
1,0,1,0,0,0,0,0,0,0,0,0,0
1,0,1,0,0,0,0,0,0,0,0,0,0
1,0,1,0,0,0,0,0,0,0,0,0,0
1,0,1,0,0,0,0,0,0,0,0,0,0
1,0,1,0,0,0,0,0,0,0,0,0,0
1,0,1,0,0,0,0,0,0,0,0,0,0
1,0,1,0,0,0,0,0,0,0,0,0,0
1,0,1,0,0,0,0,0,0,0,0,0,0
1,0,1,0,0,0,0,0,0,0,0,0,0
1,0,1,0,0,0,0,0,0,0,0,0,0
1,0,1,0,0,0,0,0,0,0,0,0,0
1,0,1,0,0,0,0,0,0,0,0,0,0
1,0,1,0,0,0,0,0,0,0,0,0,0
1,0,1,0,0,0,0,0,0,0,0,0,0
1,0,1,0,0,0,0,0,0,0,0,0,0
1,0,1,0,0,0,0,0,0,0,0,0,0
1,0,1,0,0,0,0,0,0,0,0,0,0
1,0,1,0,0,0,0,0,0,0,0,0,0
1,0,1,0,0,0,0,0,0,0,0,0,0
1,0,1,0,0,0,0,0,0,0,0,0,0
1,0,1,0,0,0,0,0,0,0,0,0,0
1,0,1,0,0,0,0,0,0,0,0,0,0
1,0,1,0,0,0,0,0,0,0,0,0,0
1,0,1,0,0,0,0,0,0,0,0,0,0
1,0,1,0,0,0,0,0,0,0,0,0,0
1,0,1,0,0,0,0,0,0,0,0,0,0
1,0,1,0,0,0,0,0,0,0,0,0,0
1,0,1,0,0,0,0,0,0,0,0,0,0
1,0,1,0,0,0,0,0,0,0,0,0,0
1,0,1,0,0,0,0,0,0,0,0,0,0
1,0,1,0,0,0,0,0,0,0,0,0,0
1,0,1,0,0,0,0,0,0,0,0,0,0
1,0,1,0,0,0,0,0,0,0,0,0,0
1,0,1,0,0,0,0,0,0,0,0,0,0
1,0,1,0,0,0,0,0,0,0,0,0,0
1,0,1,0,0,0,0,0,0,0,0,0,0
1,0,1,0,0,0,0,0,0,0,0,0,0
1,0,1,0,0,0,0,0,0,0,0,0,0
1,0,1,0,0,0,0,0,0,0,0,0,0
1,0,1,0,0,0,0,0,0,0,0,0,0
1,0,1,0,0,0,0,0,0,0,0,0,0
1,0,1,0,0,0,0,0,0,0,0,0,0
1,0,1,0,0,0,0,0,0,0,0,0,0
1,0,1,0,0,0,0,0,0,0,0,0,0
1,0,1,0,0,0,0,0,0,0,0,0,0
1,0,1,0,0,0,0,0,0,0,0,0,0
1,0,1,0,0,0,0,0,0,0,0,0,0
1,0,1,0,0,0,0,0,0,0,0,0,0
1,0,1,0,0,0,0,0,0,0,0,0,0
1,0,1,0,0,0,0,0,0,0,0,0,0
1,0,1,0,0,0,0,0,0,0,0,0,0
1,0,1,0,0,0,0,0,0,0,0,0,0
1,0,1,0,0,0,0,0,0,0,0,0,0
1,0,1,0,0,0,0,0,0,0,0,0,0
1,0,1,0,0,0,0,0,0,0,0,0,0
1,0,1,0,0,0,0,0,0,0,0,0,0
1,0,1,0,0,0,0,0,0,0,0,0,0
1,0,1,0,0,0,0,0,0,0,0,0,0
1,0,1,0,0,0,0,0,0,0,0,0,0
1,0,1,0,0,0,0,0,0,0,0,0,0
1,0,1,0,0,0,0,0,0,0,0,0,0
1,0,1,0,0,0,0,0,0,0,0,0,0
1,0,1,0,0,0,0,0,0,0,0,0,0
1,0,1,0,0,0,0,0,0,0,0,0,0
1,0,1,0,0,0,0,0,0,0,0,0,0
1,0,1,0,0,0,0,0,0,0,0,0,0
1,0,1,0,0,0,0,0,0,0,0,0,0
1,0,1,0,0,0,0,0,0,0,0,0,0
1,0,1,0,0,0,0,0,0,0,0,0,0
1,0,1,0,0,0,0,0,0,0,0,0,0
1,0,1,0,0,0,0,0,0,0,0,0,0
1,0,1,0,0,0,0,0,0,0,0,0,0
1,0,1,0,0,0,0,0,0,0,0,0,0
1,0,1,0,0,0,0,0,0,0,0,0,0
1,0,1,0,0,0,0,0,0,0,0,0,0
1,0,1,0,0,0,0,0,0,0,0,0,0
1,0,1,0,0,0,0,0,0,0,0,0,0
1,0,1,0,0,0,0,0,0,0,0,0,0
1,0,1,0,0,0,0,0,0,0,0,0,0
1,0,1,0,0,0,0,0,0,0,0,0,0
1,0,1,0,0,0,0,0,0,0,0,0,0
1,0,1,0,0,0,0,0,0,0,0,0,0
1,0,1,0,0,0,0,0,0,0,0,0,0
1,0,1,0,0,0,0,0,0,0,0,0,0
1,0,1,0,0,0,0,0,0,0,0,0,0
1,0,1,0,0,0,0,0,0,0,0,0,0
1,0,1,0,0,0,0,0,0,0,0,0,0
1,0,1,0,0,0,0,0,0,0,0,0,0
1,0,1,0,0,0,0,0,0,0,0,0,0
1,0,1,0,0,0,0,0,0,0,0,0,0
1,0,1,0,0,0,0,0,0,0,0,0,0
1,0,1,0,0,0,0,0,0,0,0,0,0
1,0,1,0,0,0,0,0,0,0,0,0,0
1,0,1,0,0,0,0,0,0,0,0,0,0
1,0,1,0,0,0,0,0,0,0,0,0,0
1,0,1,0,0,0,0,0,0,0,0,0,0
1,0,1,0,0,0,0,0,0,0,0,0,0
1,0,1,0,0,0,0,0,0,0,0,0,0
1,0,1,0,0,0,0,0,0,0,0,0,0
1,0,1,0,0,0,0,0,0,0,0,0,0
1,0,1,0,0,0,0,0,0,0,0,0,0
1,0,1,0,0,0,0,0,0,0,0,0,0
1,0,1,0,0,0,0,0,0,0,0,0,0
1,0,1,0,0,0,0,0,0,0,0,0,0
1,0,1,0,0,0,0,0,0,0,0,0,0
1,0,1,0,0,0,0,0,0,0,0,0,0
1,0,1,0,0,0,0,0,0,0,0,0,0
1,0,1,0,0,0,0,0,0,0,0,0,0
1,0,1,0,0,0,0,0,0,0,0,0,0
1,0,1,0,0,0,0,0,0,0,0,0,0
1,0,1,0,0,0,0,0,0,0,0,0,0
1,0,1,0,0,0,0,0,0,0,0,0,0
1,0,1,0,0,0,0,0,0,0,0,0,0
1,0,1,0,0,0,0,0,0,0,0,0,0
1,0,1,0,0,0,0,0,0,0,0,0,0
1,0,1,0,0,0,0,0,0,0,0,0,0
1,0,1,0,0,0,0,0,0,0,0,0,0
1,0,1,0,0,0,0,0,0,0,0,0,0
1,0,1,0,0,0,0,0,0,0,0,0,0
1,0,1,0,0,0,0,0,0,0,0,0,0
1,0,1,0,0,0,0,0,0,0,0,0,0
1,0,1,0,0,0,0,0,0,0,0,0,0
1,0,1,0,0,0,0,0,0,0,0,0,0
1,0,1,0,0,0,0,0,0,0,0,0,0
1,0,1,0,0,0,0,0,0,0,0,0,0
1,0,1,0,0,0,0,0,0,0,0,0,0
1,0,1,0,0,0,0,0,0,0,0,0,0
1,0,1,0,0,0,0,0,0,0,0,0,0
1,0,1,0,0,0,0,0,0,0,0,0,0
1,0,1,0,0,0,0,0,0,0,0,0,0
1,0,1,0,0,0,0,0,0,0,0,0,0
1,0,1,0,0,0,0,0,0,0,0,0,0
1,0,1,0,0,0,0,0,0,0,0,0,0
1,0,1,0,0,0,0,0,0,0,0,0,0
1,0,1,0,0,0,0,0,0,0,0,0,0
1,0,1,0,0,0,0,0,0,0,0,0,0
1,0,1,0,0,0,0,0,0,0,0,0,0
1,0,1,0,0,0,0,0,0,0,0,0,0
1,0,1,0,0,0,0,0,0,0,0,0,0
1,0,1,0,0,0,0,0,0,0,0,0,0
1,0,1,0,0,0,0,0,0,0,0,0,0
1,0,1,0,0,0,0,0,0,0,0,0,0
1,0,1,0,0,0,0,0,0,0,0,0,0
1,0,1,0,0,0,0,0,0,0,0,0,0
1,0,1,0,0,0,0,0,0,0,0,0,0
1,0,1,0,0,0,0,0,0,0,0,0,0
1,0,1,0,0,0,0,0,0,0,0,0,0
1,0,1,0,0,0,0,0,0,0,0,0,0
1,0,1,0,0,0,0,0,0,0,0,0,0
1,0,1,0,0,0,0,0,0,0,0,0,0
1,0,1,0,0,0,0,0,0,0,0,0,0
1,0,1,0,0,0,0,0,0,0,0,0,0
1,0,1,0,0,0,0,0,0,0,0,0,0
1,0,1,0,0,0,0,0,0,0,0,0,0
1,0,1,0,0,0,0,0,0,0,0,0,0
1,0,1,0,0,0,0,0,0,0,0,0,0
1,0,1,0,0,0,0,0,0,0,0,0,0
1,0,1,0,0,0,0,0,0,0,0,0,0
1,0,1,0,0,0,0,0,0,0,0,0,0
1,0,1,0,0,0,0,0,0,0,0,0,0
1,0,1,0,0,0,0,0,0,0,0,0,0
1,0,1,0,0,0,0,0,0,0,0,0,0
1,0,1,0,0,0,0,0,0,0,0,0,0
1,0,1,0,0,0,0,0,0,0,0,0,0
1,0,1,0,0,0,0,0,0,0,0,0,0
1,0,1,0,0,0,0,0,0,0,0,0,0
1,0,1,0,0,0,0,0,0,0,0,0,0
1,0,1,0,0,0,0,0,0,0,0,0,0
1,0,1,0,0,0,0,0,0,0,0,0,0
1,0,1,0,0,0,0,0,0,0,0,0,0
1,0,1,0,0,0,0,0,0,0,0,0,0
1,0,1,0,0,0,0,0,0,0,0,0,0
1,0,1,0,0,0,0,0,0,0,0,0,0
1,0,1,0,0,0,0,0,0,0,0,0,0
1,0,1,0,0,0,0,0,0,0,0,0,0
1,0,1,0,0,0,0,0,0,0,0,0,0
1,0,1,0,0,0,0,0,0,0,0,0,0
1,0,1,0,0,0,0,0,0,0,0,0,0
1,0,1,0,0,0,0,0,0,0,0,0,0
1,0,1,0,1,0,0,0,0,0,0,0,0
1,0,1,0,1,0,0,0,0,0,0,0,0
1,0,1,0,1,0,0,0,0,0,0,0,0
1,0,1,0,1,0,0,0,0,0,0,0,0
1,0,1,0,1,0,0,0,0,0,0,0,0
1,0,1,0,1,0,0,0,0,0,0,0,0
1,0,1,0,1,0,0,0,0,0,0,0,0
1,0,1,0,1,0,0,0,0,0,0,0,0
1,0,1,0,1,0,0,0,0,0,0,0,0
1,0,1,0,1,0,0,0,0,0,0,0,0
1,0,1,0,1,0,0,0,0,0,0,0,0
1,0,1,0,1,0,0,0,0,0,0,0,0
1,0,1,0,1,0,0,0,0,0,0,0,0
1,0,1,0,1,0,0,0,0,0,0,0,0
1,0,1,0,1,0,0,0,0,0,0,0,0
1,0,1,0,1,0,0,0,0,0,0,0,0
1,0,1,0,1,0,0,0,0,0,0,0,0
1,0,1,0,1,0,0,0,0,0,0,0,0
1,0,1,0,1,0,0,0,0,0,0,0,0
1,0,1,0,1,0,0,0,0,0,0,0,0
1,0,1,0,1,0,0,0,0,0,0,0,0
1,0,1,0,1,0,0,0,0,0,0,0,0
1,0,1,0,1,0,0,0,0,0,0,0,0
1,0,1,0,1,0,0,0,0,0,0,0,0
1,0,1,0,1,0,0,0,0,0,0,0,0
1,0,1,0,1,0,0,0,0,0,0,0,0
1,0,1,0,1,0,0,0,0,0,0,0,0
1,0,1,0,1,0,0,0,0,0,0,0,0
1,0,1,0,1,0,0,0,0,0,0,0,0
1,0,1,0,1,0,0,0,0,0,0,0,0
1,0,1,0,1,0,0,0,0,0,0,0,0
1,0,1,0,1,0,0,0,0,0,0,0,0
1,0,1,0,1,0,0,0,0,0,0,0,0
1,0,1,0,1,0,0,0,0,0,0,0,0
1,0,1,0,1,0,0,0,0,0,0,0,0
1,0,1,0,1,0,0,0,0,0,0,0,0
1,0,1,0,1,0,0,0,0,0,0,0,0
1,0,1,0,1,0,0,0,0,0,0,0,0
1,0,1,0,1,0,0,0,0,0,0,0,0
1,0,1,0,1,0,0,0,0,0,0,0,0
1,0,1,0,1,0,0,0,0,0,0,0,0
1,0,1,0,1,0,0,0,0,0,0,0,0
1,0,1,0,1,0,0,0,0,0,0,0,0
1,0,1,0,1,0,0,0,0,0,0,0,0
1,0,1,0,1,0,0,0,0,0,0,0,0
1,0,1,0,1,0,0,0,0,0,0,0,0
1,0,1,0,1,0,0,0,0,0,0,0,0
1,0,1,0,1,0,0,0,0,0,0,0,0
1,0,1,0,1,0,0,0,0,0,0,0,0
1,0,1,0,1,0,0,0,0,0,0,0,0
1,0,1,0,1,0,0,0,0,0,0,0,0
1,0,1,0,1,0,0,0,0,0,0,0,0
1,0,1,0,1,0,0,0,0,0,0,0,0
1,0,1,0,1,0,0,0,0,0,0,0,0
1,0,1,0,1,0,0,0,0,0,0,0,0
1,0,1,0,1,0,0,0,0,0,0,0,0
1,0,1,0,1,0,0,0,0,0,0,0,0
1,0,1,0,1,0,0,0,0,0,0,0,0
1,0,1,0,1,0,0,0,0,0,0,0,0
1,0,1,0,1,0,0,0,0,0,0,0,0
1,0,1,0,1,0,0,0,0,0,0,0,0
1,0,1,0,1,0,0,0,0,0,0,0,0
1,0,1,0,1,0,0,0,0,0,0,0,0
1,0,1,0,1,0,0,0,0,0,0,0,0
1,0,1,0,1,0,0,0,0,0,0,0,0
1,0,1,0,1,0,0,0,0,0,0,0,0
1,0,1,0,1,0,0,0,0,0,0,0,0
1,0,1,0,1,0,0,0,0,0,0,0,0
1,0,1,0,1,0,0,0,0,0,0,0,0
1,0,1,0,1,0,0,0,0,0,0,0,0
1,0,1,0,1,0,0,0,0,0,0,0,0
1,0,1,0,1,0,0,0,0,0,0,0,0
1,0,1,0,1,0,0,0,0,0,0,0,0
1,0,1,0,1,0,0,0,0,0,0,0,0
1,0,1,0,1,0,0,0,0,0,0,0,0
1,0,1,0,1,0,0,0,0,0,0,0,0
1,0,1,0,1,0,0,0,0,0,0,0,0
1,0,1,0,1,0,0,0,0,0,0,0,0
1,0,1,0,1,0,0,0,0,0,0,0,0
1,0,1,0,1,0,0,0,0,0,0,0,0
1,0,1,0,1,0,0,0,0,0,0,0,0
1,0,1,0,1,0,0,0,0,0,0,0,0
1,0,1,0,1,0,0,0,0,0,0,0,0
1,0,1,0,1,0,0,0,0,0,0,0,0
1,0,1,0,1,0,0,0,0,0,0,0,0
1,0,1,0,1,0,0,0,0,0,0,0,0
1,0,1,0,1,0,0,0,0,0,0,0,0
1,0,1,0,1,0,0,0,0,0,0,0,0
1,0,1,0,1,0,0,0,0,0,0,0,0
1,0,1,0,1,0,0,0,0,0,0,0,0
1,0,1,0,1,0,0,0,0,0,0,0,0
1,0,1,0,1,0,0,0,0,0,0,0,0
1,0,1,0,1,0,0,0,0,0,0,0,0
1,0,1,0,1,0,0,0,0,0,0,0,0
1,0,1,0,1,0,0,0,0,0,0,0,0
1,0,1,0,1,0,0,0,0,0,0,0,0
1,0,1,0,1,0,0,0,0,0,0,0,0
1,0,1,0,1,0,0,0,0,0,0,0,0
1,0,1,0,1,0,0,0,0,0,0,0,0
1,0,1,0,1,0,0,0,0,0,0,0,0
1,0,1,0,1,0,0,0,0,0,0,0,0
1,0,1,0,1,0,0,0,0,0,0,0,0
1,0,1,0,1,0,0,0,0,0,0,0,0
1,0,1,0,1,0,0,0,0,0,0,0,0
1,0,1,0,1,0,0,0,0,0,0,0,0
1,0,1,0,1,0,0,0,0,0,0,0,0
1,0,1,0,1,0,0,0,0,0,0,0,0
1,0,1,0,1,0,0,0,0,0,0,0,0
1,0,1,0,1,0,0,0,0,0,0,0,0
1,0,1,0,1,0,0,0,0,0,0,0,0
1,0,1,0,1,0,0,0,0,0,0,0,0
1,0,1,0,1,0,0,0,0,0,0,0,0
1,0,1,0,1,0,0,0,0,0,0,0,0
1,0,1,0,1,0,0,0,0,0,0,0,0
1,0,1,0,1,0,0,0,0,0,0,0,0
1,0,1,0,1,0,0,0,0,0,0,0,0
1,0,1,0,1,0,0,0,0,0,0,0,0
1,0,1,0,1,0,0,0,0,0,0,0,0
1,0,1,0,1,0,0,0,0,0,0,0,0
1,0,1,0,1,0,0,0,0,0,0,0,0
1,0,1,0,1,0,0,0,0,0,0,0,0
1,0,1,0,1,0,0,0,0,0,0,0,0
1,0,1,0,1,0,0,0,0,0,0,0,0
1,0,1,0,1,0,0,0,0,0,0,0,0
1,0,1,0,1,0,0,0,0,0,0,0,0
1,0,1,0,1,0,0,0,0,0,0,0,0
1,0,1,0,1,0,0,0,0,0,0,0,0
1,0,1,0,1,0,0,0,0,0,0,0,0
1,0,1,0,1,0,0,0,0,0,0,0,0
1,0,1,0,1,0,0,0,0,0,0,0,0
1,0,1,0,1,0,0,0,0,0,0,0,0
1,0,1,0,1,0,0,0,0,0,0,0,0
1,0,1,0,1,0,0,0,0,0,0,0,0
1,0,1,0,1,0,0,0,0,0,0,0,0
1,0,1,0,1,0,0,0,0,0,0,0,0
1,0,1,0,1,0,0,0,0,0,0,0,0
1,0,1,0,1,0,0,0,0,0,0,0,0
1,0,1,0,1,0,0,0,0,0,0,0,0
1,0,1,0,1,0,0,0,0,0,0,0,0
1,0,1,0,1,0,0,0,0,0,0,0,0
1,0,1,0,1,0,0,0,0,0,0,0,0
1,0,1,0,1,0,0,0,0,0,0,0,0
1,0,1,0,1,0,0,0,0,0,0,0,0
1,0,1,0,1,0,0,0,0,0,0,0,0
1,0,1,0,1,0,0,0,0,0,0,0,0
1,0,1,0,1,0,0,0,0,0,0,0,0
1,0,1,0,1,0,0,0,0,0,0,0,0
1,0,1,0,1,0,0,0,0,0,0,0,0
1,0,1,0,1,0,0,0,0,0,0,0,0
1,0,1,0,1,0,0,0,0,0,0,0,0
1,0,1,0,1,0,0,0,0,0,0,0,0
1,0,1,0,1,0,0,0,0,0,0,0,0
1,0,1,0,1,0,0,0,0,0,0,0,0
1,0,1,0,1,0,0,0,0,0,0,0,0
1,0,1,0,1,0,0,0,0,0,0,0,0
1,0,1,0,1,0,0,0,0,0,0,0,0
1,0,1,0,1,0,0,0,0,0,0,0,0
1,0,1,0,1,0,0,0,0,0,0,0,0
1,0,1,0,1,0,0,0,0,0,0,0,0
1,0,1,0,1,0,0,0,0,0,0,0,0
1,0,1,0,1,0,0,0,0,0,0,0,0
1,0,1,0,1,0,0,0,0,0,0,0,0
1,0,1,0,1,0,0,0,0,0,0,0,0
1,0,1,0,1,0,0,0,0,0,0,0,0
1,0,1,0,1,0,0,0,0,0,0,0,0
1,0,1,0,1,0,0,0,0,0,0,0,0
1,0,1,0,1,0,0,0,0,0,0,0,0
1,0,1,0,1,0,0,0,0,0,0,0,0
1,0,1,0,1,0,0,0,0,0,0,0,0
1,0,1,0,1,0,0,0,0,0,0,0,0
1,0,1,0,1,0,0,0,0,0,0,0,0
1,0,1,0,1,0,0,0,0,0,0,0,0
1,0,1,0,1,0,0,0,0,0,0,0,0
1,0,1,0,1,0,0,0,0,0,0,0,0
1,0,1,0,1,0,0,0,0,0,0,0,0
1,0,1,0,1,0,0,0,0,0,0,0,0
1,0,1,0,1,0,0,0,0,0,0,0,0
1,0,1,0,1,0,0,0,0,0,0,0,0
1,0,1,0,1,0,0,0,0,0,0,0,0
1,0,1,0,1,0,0,0,0,0,0,0,0
1,0,1,0,1,0,0,0,0,0,0,0,0
1,0,1,0,1,0,0,0,0,0,0,0,0
1,0,1,0,1,0,0,0,0,0,0,0,0
1,0,1,0,1,0,0,0,0,0,0,0,0
1,0,1,0,1,0,0,0,0,0,0,0,0
1,0,1,0,1,0,0,0,0,0,0,0,0
1,0,1,0,1,0,0,0,0,0,0,0,0
1,0,1,0,1,0,0,0,0,0,0,0,0
1,0,1,0,1,0,0,0,0,0,0,0,0
1,0,1,0,1,0,0,0,0,0,0,0,0
1,0,1,0,1,0,0,0,0,0,0,0,0
1,0,1,0,1,0,0,0,0,0,0,0,0
1,0,1,0,1,0,0,0,0,0,0,0,0
1,0,1,0,1,0,0,0,0,0,0,0,0
1,0,1,0,1,0,0,0,0,0,0,0,0
1,0,1,0,1,0,0,0,0,0,0,0,0
1,0,1,0,1,0,0,0,0,0,0,0,0
1,0,1,0,1,0,0,0,0,0,0,0,0
1,0,1,0,1,0,0,0,0,0,0,0,0
1,0,1,0,1,0,0,0,0,0,0,0,0
1,0,1,0,1,0,0,0,0,0,0,0,0
1,0,1,0,1,0,0,0,0,0,0,0,0
1,0,1,0,1,0,0,0,0,0,0,0,0
1,0,1,0,1,0,0,0,0,0,0,0,0
1,0,1,0,1,0,0,0,0,0,0,0,0
1,0,1,0,1,0,0,0,0,0,0,0,0
1,0,1,0,1,0,0,0,0,0,0,0,0
1,0,1,0,1,0,0,0,0,0,0,0,0
1,0,1,0,1,0,0,0,0,0,0,0,0
1,0,1,0,1,0,0,0,0,0,0,0,0
1,0,1,0,1,0,0,0,0,0,0,0,0
1,0,1,0,1,0,0,0,0,0,0,0,0
1,0,1,0,1,0,0,0,0,0,0,0,0
1,0,1,0,1,0,0,0,0,0,0,0,0
1,0,1,0,1,0,0,0,0,0,0,0,0
1,0,1,0,1,0,0,0,0,0,0,0,0
1,0,1,0,1,0,0,0,0,0,0,0,0
1,0,1,0,1,0,0,0,0,0,0,0,0
1,0,1,0,1,0,0,0,0,0,0,0,0
1,0,1,0,1,0,0,0,0,0,0,0,0
1,0,1,0,1,0,0,0,0,0,0,0,0
1,0,1,0,1,0,0,0,0,0,0,0,0
1,0,1,0,1,0,0,0,0,0,0,0,0
1,0,1,0,1,0,0,0,0,0,0,0,0
1,0,1,0,1,0,0,0,0,0,0,0,0
1,0,1,0,1,0,0,0,0,0,0,0,0
1,0,1,0,1,0,0,0,0,0,0,0,0
1,0,1,0,1,0,0,0,0,0,0,0,0
1,0,1,0,1,0,0,0,0,0,0,0,0
1,0,1,0,1,0,0,0,0,0,0,0,0
1,0,1,0,1,0,0,0,0,0,0,0,0
1,0,1,0,1,0,0,0,0,0,0,0,0
1,0,1,0,1,0,0,0,0,0,0,0,0
1,0,1,0,1,0,0,0,0,0,0,0,0
1,0,1,0,1,0,0,0,0,0,0,0,0
1,0,1,0,1,0,0,0,0,0,0,0,0
1,0,1,0,1,0,0,0,0,0,0,0,0
1,0,1,0,1,0,0,0,0,0,0,0,0
1,0,1,0,1,0,0,0,0,0,0,0,0
1,0,1,0,1,0,0,0,0,0,0,0,0
1,0,1,0,1,0,0,0,0,0,0,0,0
1,0,1,0,1,0,0,0,0,0,0,0,0
1,0,1,0,1,0,0,0,0,0,0,0,0
1,0,1,0,1,0,0,0,0,0,0,0,0
1,0,1,0,1,0,0,0,0,0,0,0,0
1,0,1,0,1,0,0,0,0,0,0,0,0
1,0,1,0,1,0,0,0,0,0,0,0,0
1,0,1,0,1,0,0,0,0,0,0,0,0
1,0,1,0,1,0,0,0,0,0,0,0,0
1,0,1,0,1,0,0,0,0,0,0,0,0
1,0,1,0,1,0,0,0,0,0,0,0,0
1,0,1,0,1,0,0,0,0,0,0,0,0
1,0,1,0,1,0,0,0,0,0,0,0,0
1,0,1,0,1,0,0,0,0,0,0,0,0
1,0,1,0,1,0,0,0,0,0,0,0,0
1,0,1,0,1,0,0,0,0,0,0,0,0
1,0,1,0,1,0,0,0,0,0,0,0,0
1,0,1,0,1,0,0,0,0,0,0,0,0
1,0,1,0,1,0,0,0,0,0,0,0,0
1,0,1,0,1,0,0,0,0,0,0,0,0
